﻿<?xml version="1.0" standalone="yes"?>
<Customers>
  <Customer>
    <Identifier>ALFKI</Identifier>
    <CompanyName>Alfreds Futterkiste</CompanyName>
    <ContactName>Maria Anders</ContactName>
    <ContactTitle>Sales Representative</ContactTitle>
    <Address>Obere Str. 57</Address>
    <City>Berlin</City>
    <PostalCode>12209</PostalCode>
    <Country>Germany</Country>
    <Phone>030-0074321</Phone>
    <Fax>030-0076545</Fax>
  </Customer>
  <Customer>
    <Identifier>ANATR</Identifier>
    <CompanyName>Ana Trujillo Emparedados y helados</CompanyName>
    <ContactName>Ana Trujillo</ContactName>
    <ContactTitle>Owner</ContactTitle>
    <Address>Avda. de la ConstituciÃ³n 2222</Address>
    <City>MÃ©xico D.F.</City>
    <PostalCode>05021</PostalCode>
    <Country>Mexico</Country>
    <Phone>(5) 555-4729</Phone>
    <Fax>(5) 555-3745</Fax>
  </Customer>
  <Customer>
    <Identifier>ANTON</Identifier>
    <CompanyName>Antonio Moreno TaquerÃ­a</CompanyName>
    <ContactName>Antonio Moreno</ContactName>
    <ContactTitle>Owner</ContactTitle>
    <Address>Mataderos  2312</Address>
    <City>MÃ©xico D.F.</City>
    <PostalCode>05023</PostalCode>
    <Country>Mexico</Country>
    <Phone>(5) 555-3932</Phone>
  </Customer>
  <Customer>
    <Identifier>AROUT</Identifier>
    <CompanyName>Around the Horn</CompanyName>
    <ContactName>Thomas Hardy</ContactName>
    <ContactTitle>Sales Representative</ContactTitle>
    <Address>120 Hanover Sq.</Address>
    <City>London</City>
    <PostalCode>WA1 1DP</PostalCode>
    <Country>UK</Country>
    <Phone>(171) 555-7788</Phone>
    <Fax>(171) 555-6750</Fax>
  </Customer>
  <Customer>
    <Identifier>BERGS</Identifier>
    <CompanyName>Berglunds snabbkÃ¶p</CompanyName>
    <ContactName>Christina Berglund</ContactName>
    <ContactTitle>Order Administrator</ContactTitle>
    <Address>BerguvsvÃ¤gen  8</Address>
    <City>LuleÃ¥</City>
    <PostalCode>S-958 22</PostalCode>
    <Country>Sweden</Country>
    <Phone>0921-12 34 65</Phone>
    <Fax>0921-12 34 67</Fax>
  </Customer>
  <Customer>
    <Identifier>BLAUS</Identifier>
    <CompanyName>Blauer See Delikatessen</CompanyName>
    <ContactName>Hanna Moos</ContactName>
    <ContactTitle>Sales Representative</ContactTitle>
    <Address>Forsterstr. 57</Address>
    <City>Mannheim</City>
    <PostalCode>68306</PostalCode>
    <Country>Germany</Country>
    <Phone>0621-08460</Phone>
    <Fax>0621-08924</Fax>
  </Customer>
</Customers>